hemicycle,cycle,hemisphere,events,t0,s_min,s_max,span_years,mean_rate_per_year,mean_gap_days,median_gap_days,count_before_s0
12N,12,north,522,1882.599313147876,-4.041778901300631,6.649065879267482,10.690844780568113,48.82682432624944,7.494877266991369,3.6511217417873354,214
12S,12,south,667,1882.1521940229172,-2.8604132009993464,8.402849736595726,11.263262937595073,59.2190738772203,6.177037219154054,2.9951787722218626,122
13N,13,north,716,1892.8993967064653,-2.621594195049738,8.479085028694499,11.100679223744237,64.50055762970644,5.670661659402214,2.977732591280869,207
13S,13,south,850,1893.6223445480412,-3.8929894935004086,8.142723945109537,12.035713438609946,70.62315037123133,5.177908519967353,2.2883566712415586,292
14N,14,north,613,1904.3907808128938,-1.998541435674042,7.36100000902411,9.359541444698152,65.49466163721543,5.585902798490196,2.955969820577934,64
14S,14,south,640,1905.7144897897972,-2.9899178719890642,7.234481856883576,10.22439972887264,62.59536177881491,5.844228483522273,3.180660840034136,167
15N,15,north,794,1916.5433765670427,-2.7806863082907967,8.113264326754006,10.893950635044803,72.88448668436017,5.017673984174166,2.1528508608845414,174
15S,15,south,697,1917.3900711681267,-3.101433420790272,6.071165545470421,9.172598966260693,75.98718777129089,4.813637604061377,2.8307209169026066,208
16N,16,north,789,1927.2387897774715,-3.3965941597648452,7.576063754999268,10.972657914764113,71.90600546640314,5.085994039806589,2.8568049134521516,279
16S,16,south,675,1927.2981427134346,-3.568289180963802,6.439791076519668,10.00808025748347,67.4455022975334,5.4235182700976825,2.938822857195447,243
17N,17,north,1001,1938.068923770723,-3.697782218211387,6.388430509787213,10.0862127279986,99.24438706525554,3.6839891989014886,1.9857399519664796,422
17S,17,south,1020,1937.5151692384034,-3.1771593132384623,7.3108325830903595,10.487991896328822,97.25407972111773,3.75931211004328,2.001369862984575,333
18N,18,north,1138,1948.2716628409194,-3.3415645561592555,5.433751954869649,8.775316511028905,129.68193210692178,2.8189836021577026,1.772057814923869,435
18S,18,south,1133,1947.9227708849007,-3.517395549695266,6.059458947671601,9.576854497366867,118.30606806352917,3.090058396787322,1.8311086496591997,467
19N,19,north,1590,1959.2404493198562,-4.231457691241303,5.988338763603906,10.21979645484521,155.58039800745547,2.3491382348220347,1.1053806874610927,912
19S,19,south,1121,1958.4861458254197,-3.493428930442633,6.45451146181972,9.947940392262353,112.68664223922465,3.2441832395302006,1.2557338958530693,608
20N,20,north,1208,1969.0027192401249,-4.468974173336846,8.112711695948292,12.581685869285138,96.01257037810909,3.807341146442748,2.0027481211939175,561
20S,20,south,996,1969.4387894975757,-3.6323111553635954,8.74306850597577,12.375379661339366,80.48237930925868,4.542821528948949,2.0243022260643784,365
21N,21,north,1025,1980.414141212119,-4.780391212118957,6.814545400006864,11.59493661212582,88.4006557593484,4.1357915991982,1.9241179128584065,487
21S,21,south,1049,1980.6944684121145,-4.507393395670533,6.125459289559785,10.632852685230318,98.65649709011063,3.7057723695423412,1.958447724848753,456
22N,22,north,860,1990.360959848496,-3.568137740428938,7.009551154802011,10.57768889523095,81.30320417986003,4.497672722913975,2.119703172502284,388
22S,22,south,983,1991.0927477002544,-3.8940501799602316,5.842653091589227,9.736703271549459,100.95819627905426,3.621518197488228,2.0019401025614343,499
23N,23,north,928,2001.0819419261943,-3.7403884000655125,6.283780137478971,10.024168537544483,92.57625672635812,3.949652166492041,2.024290643991435,465
23S,23,south,1107,2001.2999519513048,-4.0662626755565725,7.156605425744374,11.222868101300946,98.63788739276704,3.7062862332732105,2.037494125801146,447
