cycle,hemisphere,peak_msh,A,peak_date,mu_0
12,north,78.97726575342466,0.07897726575342466,1882-05-20,23.186363100783407
12,south,148.840101369863,0.148840101369863,1883-12-01,24.386732954919164
13,north,97.03273424657533,0.09703273424657533,1892-03-01,23.49658870056391
13,south,145.32630136986302,0.14532630136986302,1893-11-20,24.326359516649077
14,north,115.46321095890411,0.11546321095890412,1906-01-19,23.81325761970559
14,south,85.95698082191781,0.08595698082191781,1907-07-15,23.30628722760635
15,north,130.4337479452055,0.1304337479452055,1917-06-30,24.07047851748364
15,south,116.32601369863012,0.11632601369863012,1917-08-15,23.82808213104548
16,north,113.53055342465754,0.11353055342465754,1926-05-25,23.780051068296558
16,south,117.22554520547945,0.11722554520547945,1928-02-08,23.843537709023956
17,north,210.93428219178085,0.21093428219178084,1937-07-23,25.453623271039497
17,south,160.70798904109589,0.16070798904109587,1938-08-06,24.590644726709105
18,north,193.08750410958905,0.19308750410958905,1949-08-19,25.146983349909913
18,south,237.3314219178082,0.2373314219178082,1947-06-10,25.907173867475308
19,north,315.169904109589,0.315169904109589,1959-06-23,27.244579752739888
19,south,257.6402301369863,0.2576402301369863,1957-10-02,26.256115918633473
20,north,164.5478602739726,0.16454786027397258,1968-01-13,24.656620658419264
20,south,121.56734794520548,0.12156734794520549,1969-12-05,23.918137731702462
21,north,188.91246301369864,0.18891246301369863,1979-05-27,25.075248593840183
21,south,190.3515753424658,0.1903515753424658,1981-12-11,25.099975146103986
22,north,206.86030684931507,0.20686030684931506,1989-06-15,25.38362500737844
22,south,201.7207808219178,0.2017207808219178,1991-07-10,25.295318656034436
23,north,164.1809397260274,0.1641809397260274,2000-03-27,24.65031629987541
23,south,198.36169863013697,0.19836169863013697,2002-02-24,25.23760354949746
