hemisphere,window_days,observed_fano,constant_mean,constant_p025,constant_p975,null_365_mean,null_365_p025,null_365_p975,ratio_365,p_upper_365,null_91_mean,null_91_p025,null_91_p975,ratio_91,p_upper_91
north,1,1.1740153082134743,1.0002052636756673,0.9912419687684175,1.0095370043187704,1.1091502389267225,1.093417421327908,1.1253715950086238,1.0584817701067433,0.000999000999000999,1.1247035047315526,1.107826954471813,1.141670273590824,1.043844269422537,0.000999000999000999
north,2,1.2605819911351,1.0003671094043556,0.9875166434348752,1.014649046435189,1.218493864440468,1.1946548735409792,1.2422661496988512,1.0345411067900279,0.001998001998001998,1.2494820986513344,1.2240472235327209,1.2742525783410545,1.0088835946475316,0.1888111888111888
north,3,1.3770841528344684,1.0004894587813495,0.9839861681371391,1.0165735417705368,1.3273014548420252,1.2977730958650504,1.3604229680335485,1.037506700388849,0.002997002997002997,1.3743785090617033,1.3438074680696457,1.4059464233245555,1.001968630733765,0.43456543456543456
north,5,1.6116310213387557,0.9998936412898496,0.9792040871087404,1.0221718578145826,1.5452824157988545,1.5011685242143968,1.5888843293369557,1.0429362327957388,0.001998001998001998,1.6242382160899271,1.5796533737992835,1.6679146957640416,0.9922380875992924,0.7112887112887113
north,7,1.861215885184047,1.0004029037358373,0.9756517012470509,1.025284145333113,1.7638823725962902,1.7098058413557633,1.821079695804946,1.055181407842117,0.001998001998001998,1.873763458620447,1.815483397780509,1.928638820822548,0.9933035445970122,0.6693306693306693
north,10,2.18511440929925,1.0001929157213956,0.97008711922085,1.0296306094823515,2.0915821592615047,2.022836653853608,2.16723006699819,1.0447184202750943,0.007992007992007992,2.24872003624401,2.1789721960078983,2.3239685334124216,0.9717147417554926,0.961038961038961
north,14,2.611951605760337,1.0001207245269008,0.9643908723844326,1.0356016295740245,2.5274818348024217,2.43731213679613,2.626132265947002,1.0334205254395106,0.04295704295704296,2.7450282253716933,2.647833867086768,2.840727604265421,0.9515208556395309,0.997002997002997
north,20,3.2531787709296,0.9991741284971992,0.9599813585231896,1.0403659985223945,3.1820152749749244,3.0633806716105343,3.3129285527501056,1.022364284833685,0.15484515484515485,3.4895839073508794,3.3542693435840207,3.6240066875042505,0.9322540616022192,1.0
north,27,4.029938054792305,0.9995586844929762,0.9532668171808851,1.0460348554760768,3.9487338997224697,3.7884936133130913,4.1231201862165525,1.0205646055500328,0.1838161838161838,4.356216979668723,4.178604907253232,4.530798112384908,0.9251003964221199,0.999000999000999
north,40,5.628791422990155,0.998747488717072,0.94005844708409,1.0546072130860258,5.364848662261793,5.124453894189357,5.604580052043653,1.0491985473113206,0.014985014985014986,5.953481224650796,5.702228625728952,6.210776866657537,0.9454621944021188,0.991008991008991
north,60,7.886719666608858,0.9985967159329799,0.9261664772130292,1.070887525084364,7.559067694910895,7.212544204313073,7.911939944945284,1.0433455533039548,0.03396603396603397,8.394761281507506,8.032290106770578,8.741665719955817,0.9394811123435048,0.996003996003996
north,90,11.379563852751525,0.9996954500343764,0.9166660588626969,1.0929643156141469,10.821193619574235,10.306400333136079,11.340705144744973,1.051599689720667,0.016983016983016984,11.928823355204521,11.356500688226612,12.468494206422346,0.953955265653812,0.97002997002997
north,135,16.433401774447997,0.9995551496850674,0.8948464525644266,1.1140715656797415,15.731546372653375,14.976218995053266,16.487030103094487,1.044614520732347,0.04195804195804196,17.154979422865416,16.350498634736194,17.961428004856568,0.9579377141393917,0.9560439560439561
north,200,23.401978701163973,0.9994668016016486,0.8712650641672232,1.1533612310421881,22.741034515732238,21.625641128194964,23.915974558600894,1.029063945396789,0.12487512487512488,24.18201682948047,22.975495545025836,25.336746027670934,0.9677430491502451,0.8951048951048951
north,300,34.74925315181589,0.9997889711517506,0.8477652534311748,1.1891091413096682,33.50501042649638,31.81200309397136,35.16459688865946,1.0371360196424693,0.08091908091908091,35.611414652874494,33.80470492207955,37.40368463034453,0.9757897429949751,0.8261738261738262
north,450,50.56132619486205,1.0001101464313435,0.7953135540972598,1.2215636954818565,48.85233882504696,46.24206672120498,51.42656291602719,1.0349827134364114,0.0899100899100899,51.24843571264537,48.30209298120095,53.910732787752735,0.986592575788342,0.6803196803196803
north,730,76.62518587378054,1.0020310322731236,0.7348704440476166,1.3041628626970425,74.73886199641548,70.3234243352325,79.05148182016674,1.0252388627144942,0.2077922077922078,77.06265942762292,72.31430556812862,81.59766781015608,0.9943231448655979,0.5894105894105894
south,1,1.1574872336202096,1.0002052636756673,0.9912419687684175,1.0095370043187704,1.104246682239904,1.0882417023358284,1.1196508723523153,1.0482143639067225,0.000999000999000999,1.1182264282910865,1.101383547407334,1.1345905633399622,1.0351098886020096,0.000999000999000999
south,2,1.2380536439038519,1.0003671094043556,0.9875166434348752,1.014649046435189,1.2085283515439487,1.1853855184661033,1.2313287129366377,1.024430781720746,0.01098901098901099,1.236539394173707,1.2132318878789596,1.2604919975894364,1.0012245867275071,0.45454545454545453
south,3,1.3507748854528567,1.0004894587813495,0.9839861681371391,1.0165735417705368,1.312536106116989,1.2815210431684418,1.3449012712495183,1.0291335066194816,0.008991008991008992,1.354470392141557,1.3231403870474994,1.387255224482436,0.9972716223919392,0.5974025974025974
south,5,1.5449772638553314,0.9998936412898496,0.9792040871087404,1.0221718578145826,1.5207979650884509,1.4776811840300172,1.563926234095907,1.015899086743895,0.13286713286713286,1.5908332015911038,1.5462379681157383,1.636286716034809,0.971174892697796,0.977022977022977
south,7,1.7662628982100268,1.0004029037358373,0.9756517012470509,1.025284145333113,1.7296266439927634,1.6764183240237867,1.7824494072064518,1.021181596817155,0.0939060939060939,1.827046240021004,1.770254373603887,1.8862596097696405,0.9667313609915651,0.9820179820179821
south,10,2.0451144830945,1.0001929157213956,0.97008711922085,1.0296306094823515,2.0416875534684022,1.9703581381543713,2.1160164538245274,1.0016784789721012,0.45854145854145856,2.180496211601268,2.1053484571057237,2.256043690506323,0.9379124220503235,1.0
south,14,2.4459633064386304,1.0001207245269008,0.9643908723844326,1.0356016295740245,2.4589032555577206,2.3636344170734906,2.548459159007497,0.9947375119009491,0.6153846153846154,2.6494820378322137,2.553913241190112,2.7477029651508986,0.923185464748385,1.0
south,20,3.051043021578736,0.9991741284971992,0.9599813585231896,1.0403659985223945,3.0812202829168136,2.94982074723176,3.202889914930794,0.9902060681914275,0.6843156843156843,3.351352212344815,3.223587378765054,3.4914099436353476,0.9103916354539281,1.0
south,27,3.790028768342193,0.9995586844929762,0.9532668171808851,1.0460348554760768,3.811698062958038,3.6416195033087564,3.983158345168327,0.9943150547976434,0.6203796203796204,4.166595969996069,3.991184168113442,4.34577462823379,0.9096223381471202,1.0
south,40,5.283594504471199,0.998747488717072,0.94005844708409,1.0546072130860258,5.163056541243037,4.919948469828636,5.391257215783145,1.0233462411781262,0.14685314685314685,5.676482005534249,5.432583594178757,5.919574809090239,0.9307867970549353,0.999000999000999
south,60,7.459409295190902,0.9985967159329799,0.9261664772130292,1.070887525084364,7.247887464148968,6.894773974742326,7.585662399674863,1.0291839287086353,0.0999000999000999,7.976435637120592,7.622715396468803,8.33225330937474,0.9351807793040336,0.998001998001998
south,90,10.676521518095775,0.9996954500343764,0.9166660588626969,1.0929643156141469,10.367964132755892,9.81024697401093,10.868354407328058,1.029760653238088,0.1048951048951049,11.321682724263155,10.80005140736127,11.851008054051784,0.9430154313735754,0.99000999000999
south,135,15.396343827679154,0.9995551496850674,0.8948464525644266,1.1140715656797415,14.927684442644516,14.122498054577099,15.68353692288065,1.0313953169920849,0.11388611388611389,16.07953989665488,15.29691392868953,16.853470132572408,0.9575114665365608,0.961038961038961
south,200,22.399706043559267,0.9994668016016486,0.8712650641672232,1.1533612310421881,21.647098863531532,20.460042092861407,22.75188496492691,1.0347671152043214,0.08391608391608392,23.100619634096184,21.952994653140944,24.260266999695112,0.9696582342102037,0.8911088911088911
south,300,32.56536652077647,0.9997889711517506,0.8477652534311748,1.1891091413096682,31.39293218805409,29.58982778776828,33.18902845990547,1.0373470794540347,0.08391608391608392,33.364341932205036,31.6329788639579,34.992723693953906,0.9760530145311408,0.8271728271728271
south,450,47.75912346003248,1.0001101464313435,0.7953135540972598,1.2215636954818565,46.223088539141315,43.35132306268354,48.98369406092237,1.0332309019028545,0.1068931068931069,48.56934453360089,45.75762176254069,51.10958721128884,0.983318262139447,0.7322677322677322
south,730,67.71961568733185,1.0020310322731236,0.7348704440476166,1.3041628626970425,66.10772998485082,61.48902049511718,70.22835953780826,1.02438271141439,0.25074925074925075,68.2307634050069,63.75670024264774,72.51973341998531,0.9925085446480943,0.5814185814185814
