s_centre,n,emd,nll,frac_impossible
-4.5,27,,3.542977978343721,0.7037037037037037
-3.5,403,0.7810092755106354,3.1439360341770444,0.22084367245657568
-2.5,1480,0.5081127936398209,3.213985167620976,0.0013513513513513514
-1.5,3101,0.5584713311507955,3.25469198009588,0.0
-0.5,3767,0.8142508037123309,3.356139217190752,0.0
0.5,3848,0.8904274225822633,3.323077219693945,0.0
1.5,3368,0.5148776935410878,3.2186065697406505,0.0
2.5,2554,0.44168113814810805,3.125088782416916,0.0
3.5,1623,0.2582572877715783,2.9811638266703686,0.0
4.5,1015,0.4974727696081915,2.9369996238531537,0.0
5.5,615,0.5626451276946223,2.7903078685763543,0.0
6.5,210,0.4992426030374192,2.575860761156473,0.0
7.5,70,0.6351459429012778,2.5677280636460513,0.0
8.5,8,,2.4406111318574055,0.0
